,dataset,preprocessing,clf_type,params,accuracy,dif_accuracy,balanced_accuracy,dif_balanced_accuracy,recall,dif_recall,precision,dif_precision,fpr,dif_fpr,selection_rate,dif_selection_rate,dif_statistical_parity,dif_equal_opp,dif_avg_odds,disparate_impacto_ratio
0,German,sem pré-processamento,Decision Tree,"{'criterion': 'gini', 'splitter': 'best'}",0.681,0.07025544509528917,0.6302380952380954,0.06989317449467825,0.7571428571428571,0.09320408163265306,0.782159380919593,0.09644732395643198,0.4966666666666667,0.15466507177033492,0.679,0.08382837391618639,0.08382837391618639,0.09320408163265306,0.09906376330436481,0.9851460865290063
1,German,sem pré-processamento,Decision Tree,"{'criterion': 'gini', 'splitter': 'random'}",0.664,0.09454597687602391,0.6133333333333333,0.11520165673925073,0.74,0.06972108843537414,0.7716848681863614,0.10732718484898066,0.5133333333333333,0.20612440191387563,0.6719999999999999,0.06786709950459847,0.06786709950459847,0.06972108843537414,0.09092274517462487,0.9871890674616758
2,German,sem pré-processamento,Decision Tree,"{'criterion': 'entropy', 'splitter': 'best'}",0.7050000000000001,0.08933610400682011,0.6492857142857142,0.12226626631513848,0.7885714285714285,0.06984353741496599,0.7895810661033503,0.08053653783837889,0.49000000000000005,0.194688995215311,0.6990000000000001,0.07748089944252598,0.07748089944252598,0.06984353741496599,0.09380550401978974,0.9674596848290546
3,German,sem pré-processamento,Decision Tree,"{'criterion': 'entropy', 'splitter': 'random'}",0.6859999999999999,0.083692045191148,0.628095238095238,0.09468268072779354,0.7728571428571428,0.1129251700680272,0.7775592589501161,0.10107609636647182,0.5166666666666667,0.16679425837320577,0.696,0.09747034367744294,0.09747034367744294,0.1129251700680272,0.09428076685219541,0.9509846228166141
4,German,sem pré-processamento,KNN,{'n_neighbors': 1},0.612,0.05281554592383938,0.5333333333333333,0.06426764964358951,0.7299999999999999,0.06516326530612244,0.72047686984797,0.06765190693479628,0.6633333333333333,0.13413875598086128,0.7100000000000001,0.058976265120353887,0.058976265120353887,0.06516326530612244,0.0761725417439703,0.9673940182091029
5,German,sem pré-processamento,KNN,{'n_neighbors': 3},0.623,0.05476647426151384,0.5164285714285715,0.04507331640790289,0.7828571428571428,0.04236054421768708,0.7090881048443785,0.0731974966899168,0.75,0.07842105263157893,0.773,0.041589670229943324,0.041589670229943324,0.04236054421768708,0.04795539172606841,0.9677348830175838
6,German,sem pré-processamento,KNN,{'n_neighbors': 5},0.6609999999999999,0.08166480792878161,0.5407142857142857,0.06472741919734401,0.8414285714285714,0.06108163265306121,0.7210872113359972,0.09248475807531026,0.76,0.07889952153110048,0.8170000000000002,0.040626053366648186,0.040626053366648186,0.06108163265306121,0.035593447905477985,1.0051552323382134
7,German,sem pré-processamento,KNN,{'n_neighbors': 7},0.6700000000000002,0.0851537546996358,0.529047619047619,0.0755023923444976,0.8814285714285713,0.045999999999999985,0.7146281387460812,0.0871276898038812,0.8233333333333333,0.1210047846889952,0.8639999999999999,0.03405480354834781,0.03405480354834781,0.045999999999999985,0.05006698564593302,0.974951180416826
8,German,sem pré-processamento,Logistic Regression,"{'C': 0.75, 'class_weight': None, 'n_jobs': -1}",0.748,0.08810640525494912,0.6666666666666667,0.11494204667512942,0.8699999999999999,0.052367346938775504,0.7920684018620883,0.07835804302644891,0.5366666666666667,0.19351674641148325,0.7699999999999999,0.06250803161376753,0.06250803161376753,0.052367346938775504,0.07957469973635388,0.9312827838315538
9,German,sem pré-processamento,Logistic Regression,"{'C': 0.75, 'class_weight': 'balanced', 'n_jobs': -1}",0.7210000000000001,0.0642207124785398,0.7273809523809525,0.08359694691273642,0.7114285714285714,0.08052380952380953,0.8667993591912904,0.0922247789657412,0.25666666666666665,0.17485645933014354,0.5750000000000001,0.0801152122840721,0.0801152122840721,0.08052380952380953,0.09769013442697652,0.9484860651528487
10,German,sem pré-processamento,Logistic Regression,"{'C': 1, 'class_weight': None, 'n_jobs': -1}",0.748,0.07282301279558107,0.6695238095238095,0.09328527487550045,0.8657142857142857,0.06432653061224489,0.794173709852377,0.07923894721263142,0.5266666666666666,0.17007177033492824,0.7639999999999999,0.06839863469932152,0.06839863469932152,0.06432653061224489,0.08108793086612635,0.948628847901768
11,German,sem pré-processamento,Logistic Regression,"{'C': 1, 'class_weight': 'balanced', 'n_jobs': -1}",0.726,0.05980069762827992,0.729047619047619,0.08003123067408784,0.7214285714285714,0.0794829931972789,0.865500905554231,0.0900491849811825,0.2633333333333333,0.17868421052631578,0.5840000000000001,0.08734027622269105,0.08734027622269105,0.0794829931972789,0.10308360186179735,0.9580895876307011
12,German,sem pré-processamento,Logistic Regression,"{'C': 1.25, 'class_weight': None, 'n_jobs': -1}",0.759,0.0946870347016787,0.6821428571428572,0.12264412655014159,0.8742857142857143,0.07732653061224488,0.8008113886794442,0.0904543142975898,0.51,0.21196172248803827,0.7649999999999999,0.07973837957342825,0.07973837957342825,0.07732653061224488,0.09931759593789669,0.9297993202017836
13,German,sem pré-processamento,Logistic Regression,"{'C': 1.25, 'class_weight': 'balanced', 'n_jobs': -1}",0.7200000000000001,0.05578012726829863,0.7266666666666668,0.06291400579370507,0.71,0.07448299319727893,0.8662420149768139,0.07449984800721512,0.25666666666666665,0.1394497607655502,0.5740000000000001,0.08088866331946523,0.08088866331946523,0.07448299319727893,0.08296637698141458,0.9414789672584728
14,German,sem pré-processamento,MLP,"{'hidden_layer_sizes': 5, 'max_iter': 5000}",0.74,0.07432694536440101,0.62,0.07089120528594213,0.9199999999999999,0.05352380952380953,0.7629527321225196,0.06985237872971108,0.6799999999999999,0.12504784688995213,0.8480000000000001,0.0631396587386708,0.0631396587386708,0.05352380952380953,0.06510879471405787,0.9712360026374913
15,German,sem pré-processamento,MLP,"{'hidden_layer_sizes': 8, 'max_iter': 5000}",0.655,0.06785841720980118,0.5735714285714286,0.03391643068710741,0.7771428571428572,0.06164625850340137,0.6772858342665173,0.06790288214297702,0.63,0.10916267942583732,0.7329999999999999,0.06598325515339377,0.06598325515339377,0.06164625850340137,0.08340446896461937,0.990745067778456
16,German,sem pré-processamento,MLP,"{'hidden_layer_sizes': 15, 'max_iter': 5000}",0.6939999999999998,0.04088506861370074,0.5795238095238096,0.04384210526315789,0.8657142857142859,0.04400000000000001,0.7594554532809077,0.05046468341242179,0.7066666666666667,0.07655502392344497,0.818,0.0459534834270314,0.0459534834270314,0.04400000000000001,0.04249282296650717,0.9582503898269012
17,German,sem pré-processamento,MLP,"{'hidden_layer_sizes': (10, 5), 'max_iter': 5000}",0.701,0.08985509701776925,0.5330952380952381,0.05021291866028708,0.9528571428571428,0.018000000000000016,0.716897273860357,0.08869161307392107,0.8866666666666667,0.08442583732057418,0.9329999999999998,0.023902139046361882,0.023902139046361882,0.018000000000000016,0.03421291866028708,0.9803501714406752
18,German,sem pré-processamento,MLP,"{'hidden_layer_sizes': (8, 5), 'max_iter': 5000}",0.7060000000000001,0.09930408804475507,0.5785714285714285,0.11609850926016341,0.8971428571428571,0.047680272108843534,0.7405785816545359,0.0802150135230296,0.74,0.19851674641148326,0.85,0.05434727116653112,0.05434727116653112,0.047680272108843534,0.08663354815610455,0.9769975977600144
19,German,sem pré-processamento,MLP,"{'hidden_layer_sizes': (15, 5), 'max_iter': 5000}",0.6900000000000002,0.07915806048927285,0.53,0.03172727272727272,0.93,0.020999999999999998,0.7178603521109566,0.09245155113131148,0.8699999999999999,0.07045454545454545,0.9120000000000001,0.02341013824884791,0.02341013824884791,0.020999999999999998,0.038727272727272735,1.0338281151170148
20,German,sem pré-processamento,MLP,"{'hidden_layer_sizes': (7, 6, 5), 'max_iter': 5000}",0.693,0.06023733651946054,0.5264285714285715,0.02365311004784689,0.9428571428571428,0.030999999999999993,0.7138986123486657,0.07393216731672116,0.8899999999999999,0.035263157894736843,0.9269999999999999,0.02566352768316301,0.02566352768316301,0.030999999999999993,0.030174641148325354,1.0371105951729718
21,German,sem pré-processamento,Naive Bayes1,{},0.7060000000000001,0.03635106672402483,0.6909523809523809,0.0649856459330144,0.7285714285714286,0.056999999999999995,0.8309352426300192,0.07345492054128874,0.3466666666666667,0.1489712918660287,0.614,0.07317562789491676,0.07317562789491676,0.056999999999999995,0.08398564593301436,0.9474540660245803
22,German,sem pré-processamento,Naive Bayes2,{'alpha': 0.75},0.725,0.06271043761122962,0.6797619047619048,0.07348650847898971,0.7928571428571428,0.06392517006802723,0.8111371802480637,0.08106429310124168,0.4333333333333333,0.12983253588516747,0.6849999999999999,0.08295977121563915,0.08295977121563915,0.06392517006802723,0.07308937929238682,0.9045789477767772
23,German,sem pré-processamento,Naive Bayes2,{'alpha': 1},0.728,0.06584274242656389,0.6828571428571429,0.07809655632587967,0.7957142857142856,0.0709251700680272,0.8127268668904728,0.08187880072247199,0.43,0.1350956937799043,0.6859999999999999,0.0826325154886639,0.0826325154886639,0.0709251700680272,0.0773070826416691,0.9093120151972938
24,German,sem pré-processamento,Naive Bayes2,{'alpha': 1.25},0.7270000000000001,0.06850753906050497,0.6811904761904762,0.07355110178042511,0.7957142857142856,0.0709251700680272,0.8115333460038572,0.08359809896808601,0.4333333333333333,0.1260047846889952,0.687,0.07940670903705101,0.07940670903705101,0.0709251700680272,0.07276162809621456,0.9137636281005195
25,German,sem pré-processamento,Random Forest,"{'n_estimators': 50, 'n_jobs': -1}",0.767,0.05952826607501347,0.6707142857142858,0.06776766591804184,0.9114285714285716,0.05340136054421768,0.7895815323207719,0.06517035266548649,0.57,0.132488038277512,0.8089999999999999,0.07105555195430208,0.07105555195430208,0.05340136054421768,0.07294469941086482,0.9290116987893237
26,German,sem pré-processamento,Random Forest,"{'n_estimators': 100, 'n_jobs': -1}",0.767,0.06084336609819243,0.665952380952381,0.06874740422484782,0.9185714285714287,0.04644217687074831,0.7859324716231175,0.05757432598484361,0.5866666666666666,0.1525358851674641,0.819,0.07396860672740344,0.07396860672740344,0.04644217687074831,0.08404685414835791,0.9193147808974992
27,German,sem pré-processamento,Random Forest,"{'n_estimators': 150, 'n_jobs': -1}",0.7630000000000001,0.055169329302548496,0.6649999999999998,0.08110484002213326,0.9100000000000001,0.034680272108843536,0.7862313383607098,0.057787271348269484,0.5799999999999998,0.16688995215311006,0.8109999999999999,0.07536668699737961,0.07536668699737961,0.034680272108843536,0.08587123653289067,0.927448777977079
28,German,sem pré-processamento,Random Forest,"{'n_estimators': 200, 'n_jobs': -1}",0.7560000000000001,0.040313390082540757,0.6552380952380952,0.06552491618657033,0.9071428571428573,0.04144217687074829,0.7809790965914323,0.04958804485370174,0.5966666666666665,0.13961722488038278,0.8140000000000001,0.07817430688965628,0.07817430688965628,0.04144217687074829,0.08326654298082868,0.9229104093846778
29,German,sem pré-processamento,Random Forest,"{'n_estimators': 250, 'n_jobs': -1}",0.77,0.041161873234567305,0.667142857142857,0.06495721446473326,0.9242857142857144,0.046401360544217694,0.7863925989378889,0.036329678094548325,0.5900000000000001,0.14822966507177032,0.8240000000000001,0.09088924770469198,0.09088924770469198,0.046401360544217694,0.08740163720990789,0.894200343522378
30,German,sem pré-processamento,Random Forest,"{'n_estimators': 300, 'n_jobs': -1}",0.768,0.05185098373150103,0.6685714285714287,0.08834534387917846,0.9171428571428573,0.04136054421768705,0.7880644421500971,0.052991189989838774,0.5800000000000001,0.17933014354066987,0.8160000000000001,0.07854704890371297,0.07854704890371297,0.04136054421768705,0.0909847996614914,0.9142704419899118
31,German,sem pré-processamento,Random Forest,"{'n_estimators': 350, 'n_jobs': -1}",0.7650000000000001,0.04955769404536009,0.6645238095238096,0.06977357354425025,0.9157142857142858,0.047360544217687074,0.7857293684997535,0.04543858917503109,0.5866666666666667,0.15514354066985647,0.817,0.09491456926389068,0.09491456926389068,0.047360544217687074,0.0896714025323048,0.8899560464760004
32,German,sem pré-processamento,Random Forest,"{'n_estimators': 400, 'n_jobs': -1}",0.7659999999999999,0.05171811466522093,0.6690476190476191,0.07689151450053706,0.9114285714285716,0.04220408163265306,0.7883280970698288,0.05390411083010856,0.5733333333333333,0.1515789473684211,0.8099999999999999,0.08258101838210742,0.08258101838210742,0.04220408163265306,0.07836519871106337,0.906102485740338
33,German,sem pré-processamento,Random Forest,"{'n_estimators': 450, 'n_jobs': -1}",0.7669999999999999,0.052443437403011696,0.665952380952381,0.07491190638935,0.9185714285714287,0.04068027210884354,0.7859536698315732,0.049181353468158495,0.5866666666666667,0.16332535885167462,0.819,0.08506893535815448,0.08506893535815448,0.04068027210884354,0.09440866777332943,0.9029390475665722
34,German,sem pré-processamento,Random Forest,"{'n_estimators': 500, 'n_jobs': -1}",0.7639999999999999,0.06185626775254284,0.661904761904762,0.06698888454903494,0.9171428571428573,0.04936054421768706,0.7836949366382886,0.05155010259809487,0.5933333333333334,0.1470574162679426,0.8200000000000003,0.09467134715036085,0.09467134715036085,0.04936054421768706,0.0900206848289555,0.8900437011433263
35,German,sem pré-processamento,Random Forest,"{'n_estimators': 550, 'n_jobs': -1}",0.7710000000000001,0.05301055871156316,0.6697619047619049,0.06702970087556556,0.9228571428571429,0.05444217687074828,0.787865413825527,0.04833166561225606,0.5833333333333334,0.1415311004784689,0.8210000000000001,0.09154695608958871,0.09154695608958871,0.05444217687074828,0.08128130390912344,0.893936041221008
36,German,sem pré-processamento,XGBoost,"{'n_estimators': 50, 'objective': 'binary:logistic'}",0.759,0.07396344793176739,0.6802380952380953,0.06354757022426195,0.8771428571428572,0.06140136054421767,0.7985934997352657,0.07269069298519668,0.5166666666666667,0.11004784688995213,0.769,0.07446782394584761,0.07446782394584761,0.06140136054421767,0.07410314747908732,0.9440089764443081
37,German,sem pré-processamento,XGBoost,"{'n_estimators': 100, 'objective': 'binary:logistic'}",0.7609999999999999,0.09042641460511275,0.6845238095238095,0.09538249845392702,0.8757142857142858,0.07040136054421767,0.801426412789259,0.08491940930362354,0.5066666666666666,0.15837320574162678,0.7649999999999999,0.08849974807594847,0.08849974807594847,0.07040136054421767,0.08163185561305862,0.910140086457182
38,German,sem pré-processamento,XGBoost,"{'n_estimators': 150, 'objective': 'binary:logistic'}",0.762,0.08649679226529321,0.6890476190476191,0.08671024965009926,0.8714285714285713,0.08040136054421768,0.8052755890548488,0.08952677619861454,0.49333333333333335,0.1499760765550239,0.758,0.10033960884494049,0.10033960884494049,0.08040136054421768,0.08852843146828109,0.9103783330838626
39,German,sem pré-processamento,XGBoost,"{'n_estimators': 200, 'objective': 'binary:logistic'}",0.765,0.08604130572285015,0.6921428571428572,0.08300690036780262,0.8742857142857142,0.07540136054421767,0.806905314953261,0.08433671805670508,0.48999999999999994,0.13444976076555024,0.759,0.09534394999233914,0.09534394999233914,0.07540136054421767,0.07800690036780263,0.9125243530797336
40,German,sem pré-processamento,XGBoost,"{'n_estimators': 250, 'objective': 'binary:logistic'}",0.764,0.08771961835224973,0.6933333333333334,0.08536869771832173,0.8699999999999999,0.08640136054421768,0.8083713080040026,0.08435305885910288,0.4833333333333333,0.14497607655502392,0.7540000000000001,0.09915819062547879,0.09915819062547879,0.08640136054421768,0.08368871854962082,0.897592165779395
41,German,sem pré-processamento,XGBoost,"{'n_estimators': 300, 'objective': 'binary:logistic'}",0.762,0.08294373008670508,0.69,0.07429694365784587,0.8699999999999999,0.08616326530612245,0.8066571247360219,0.07812547959033367,0.49000000000000005,0.12009569377990433,0.756,0.09915088581014453,0.09915088581014453,0.08616326530612245,0.08038785274875501,0.89959222105566
42,German,sem pré-processamento,XGBoost,"{'n_estimators': 350, 'objective': 'binary:logistic'}",0.7569999999999999,0.0880395692638907,0.6845238095238095,0.08256488624157794,0.8657142857142857,0.08416326530612243,0.8035281111070083,0.08658112298075968,0.4966666666666667,0.1382775119617225,0.7550000000000001,0.09583157772225301,0.09583157772225301,0.08416326530612243,0.0854787618396641,0.9016243287329291
43,German,sem pré-processamento,XGBoost,"{'n_estimators': 400, 'objective': 'binary:logistic'}",0.7569999999999999,0.08336448744995896,0.6845238095238095,0.07906488624157795,0.8657142857142857,0.07916326530612244,0.8035605681014906,0.08489064679028348,0.4966666666666667,0.1382775119617225,0.7550000000000001,0.09592507935853162,0.09592507935853162,0.07916326530612244,0.0869787618396641,0.9074083207265984
44,German,sem pré-processamento,XGBoost,"{'n_estimators': 450, 'objective': 'binary:logistic'}",0.7569999999999999,0.0880395692638907,0.6845238095238095,0.08256488624157794,0.8657142857142857,0.08416326530612243,0.8035281111070083,0.08658112298075968,0.4966666666666667,0.1382775119617225,0.7550000000000001,0.09583157772225301,0.09583157772225301,0.08416326530612243,0.0854787618396641,0.9016243287329291
45,German,sem pré-processamento,XGBoost,"{'n_estimators': 500, 'objective': 'binary:logistic'}",0.756,0.0911645692638907,0.6819047619047619,0.08006488624157795,0.8671428571428571,0.08116326530612245,0.8016552764337573,0.08810904907619148,0.5033333333333333,0.12392344497607657,0.758,0.09102354826923756,0.09102354826923756,0.08116326530612245,0.07888785274875501,0.9136626991886381
46,German,sem pré-processamento,XGBoost,"{'n_estimators': 550, 'objective': 'binary:logistic'}",0.756,0.0911645692638907,0.6819047619047619,0.08006488624157795,0.8671428571428571,0.08116326530612245,0.8016552764337573,0.08810904907619148,0.5033333333333333,0.12392344497607657,0.758,0.09102354826923756,0.09102354826923756,0.08116326530612245,0.07888785274875501,0.9136626991886381
47,German,sem pré-processamento,SVM1,"{'degree': 2, 'kernel': 'poly'}",0.6990000000000001,0.07332756559846942,0.4992857142857143,0.0010000000000000009,0.9985714285714286,0.0020000000000000018,0.6996969696969698,0.07437189637425799,1.0,0.0,0.999,0.0014492753623188358,0.0014492753623188358,0.0020000000000000018,0.0010000000000000009,1.0014705882352941
48,German,sem pré-processamento,SVM1,"{'degree': 3, 'kernel': 'poly'}",0.704,0.07128256842709033,0.5114285714285713,0.02300605409627965,0.9928571428571429,0.010040816326530621,0.7049066724471732,0.07595170228911845,0.9700000000000001,0.04397129186602872,0.986,0.017861584675946108,0.017861584675946108,0.010040816326530621,0.02496523776974905,1.0114675565591054
49,German,sem pré-processamento,SVM1,"{'degree': 4, 'kernel': 'poly'}",0.708,0.07242590093540922,0.5161904761904761,0.028162679425837313,0.9957142857142858,0.006000000000000005,0.7069726722304043,0.075584370590613,0.9633333333333333,0.058325358851674634,0.986,0.022557979362853132,0.022557979362853132,0.006000000000000005,0.03216267942583732,1.0067484162549338
50,German,sem pré-processamento,SVM2,{'kernel': 'rbf'},0.707,0.06160514907225163,0.5221428571428571,0.036683087589102624,0.9842857142857143,0.022040816326530634,0.7097223325361648,0.073589192908069,0.9400000000000001,0.06619617224880382,0.9709999999999999,0.029087123980026795,0.029087123980026795,0.022040816326530634,0.040077677961136614,1.019803200495446
0,German,DispImpact,Decision Tree,"{'criterion': 'gini', 'splitter': 'best'}",0.684,0.05923915007798351,0.6219047619047618,0.05410005533313805,0.777142857142857,0.08168027210884352,0.7734086486378529,0.04979506043360295,0.5333333333333333,0.11825358851674639,0.704,0.08964848246451455,0.08964848246451455,0.08168027210884352,0.08035449012140741,0.8916764128097441
1,German,DispImpact,Decision Tree,"{'criterion': 'gini', 'splitter': 'random'}",0.681,0.07718128661001568,0.6254761904761905,0.08579157308856562,0.7642857142857142,0.08416326530612248,0.7770706379162762,0.06275607007050332,0.5133333333333333,0.138444976076555,0.6890000000000001,0.0821894999233915,0.0821894999233915,0.08416326530612248,0.08377780490186507,0.9202914974705816
2,German,DispImpact,Decision Tree,"{'criterion': 'entropy', 'splitter': 'best'}",0.6799999999999999,0.07163524491142882,0.619047619047619,0.06725936594733586,0.7714285714285715,0.0904421768707483,0.7723607157889619,0.08036938030953833,0.5333333333333332,0.10947368421052632,0.7,0.08444408268216122,0.08444408268216122,0.0904421768707483,0.06468998795690527,0.8821111386671575
3,German,DispImpact,Decision Tree,"{'criterion': 'entropy', 'splitter': 'random'}",0.678,0.0894011647435973,0.6157142857142858,0.09500789310939689,0.7714285714285714,0.105843537414966,0.7716438457919093,0.07413143045492414,0.5399999999999999,0.17880382775119616,0.7020000000000001,0.1049542460743063,0.1049542460743063,0.105843537414966,0.10632368258308107,0.8902021140387767
4,German,DispImpact,KNN,{'n_neighbors': 1},0.619,0.09098356453380792,0.5411904761904761,0.10660386355499138,0.7357142857142857,0.06044217687074832,0.7239163293510492,0.08034966173029237,0.6533333333333334,0.1722488038277512,0.711,0.061251510071069104,0.061251510071069104,0.06044217687074832,0.08490529896168995,1.0095874444433173
5,German,DispImpact,KNN,{'n_neighbors': 3},0.654,0.0765054917478913,0.5480952380952381,0.06762510171532726,0.8128571428571428,0.06272108843537413,0.7265113693707665,0.0864748322015743,0.7166666666666666,0.1339712918660287,0.784,0.06518329561838761,0.06518329561838761,0.06272108843537413,0.08091078345213681,0.9821405980249018
6,German,DispImpact,KNN,{'n_neighbors': 5},0.6679999999999999,0.059349318970224815,0.5514285714285714,0.06321771962373464,0.8428571428571427,0.05456462585034011,0.7267288541385974,0.07353831219092208,0.74,0.1264832535885167,0.812,0.06159311024550074,0.06159311024550074,0.05456462585034011,0.07813159522182077,1.0115183175717881
7,German,DispImpact,KNN,{'n_neighbors': 7},0.6669999999999999,0.05438412181141744,0.5297619047619048,0.050591478696741854,0.872857142857143,0.04176190476190476,0.7150124146431487,0.07041188155707404,0.8133333333333332,0.07916267942583732,0.8550000000000001,0.021769982537194386,0.021769982537194386,0.04176190476190476,0.035001822738664846,1.0111917592370725
8,German,DispImpact,Logistic Regression,"{'C': 0.75, 'class_weight': None, 'n_jobs': -1}",0.758,0.07356155786297686,0.6795238095238096,0.1066358265794356,0.8757142857142857,0.0703673469387755,0.7993307772056587,0.0804866403400313,0.5166666666666667,0.1949043062200957,0.768,0.08621603936104598,0.08621603936104598,0.0703673469387755,0.08991919734400938,0.9191606200720102
9,German,DispImpact,Logistic Regression,"{'C': 0.75, 'class_weight': 'balanced', 'n_jobs': -1}",0.7180000000000001,0.06746722286390011,0.7233333333333334,0.08611847801321483,0.7100000000000001,0.07952380952380952,0.8626530484730826,0.08526673024183117,0.2633333333333333,0.17889952153110047,0.576,0.09784111891600958,0.09784111891600958,0.07952380952380952,0.10781932102984734,0.8945848960920412
10,German,DispImpact,Logistic Regression,"{'C': 1, 'class_weight': None, 'n_jobs': -1}",0.748,0.09029379353424398,0.6704761904761904,0.12348862415779709,0.8642857142857142,0.06732653061224489,0.7949145382818468,0.0829732985509289,0.5233333333333333,0.2116507177033493,0.762,0.08758049538188349,0.08758049538188349,0.06732653061224489,0.09115730885655697,0.8992108799818188
11,German,DispImpact,Logistic Regression,"{'C': 1, 'class_weight': 'balanced', 'n_jobs': -1}",0.7200000000000001,0.06570659049033359,0.7238095238095238,0.08135658952576248,0.7142857142857143,0.08048299319727889,0.8624896017018872,0.07163635225554292,0.26666666666666666,0.16311004784688993,0.58,0.07791126233101936,0.07791126233101936,0.08048299319727889,0.08879652052208445,0.9218696956120406
12,German,DispImpact,Logistic Regression,"{'C': 1.25, 'class_weight': None, 'n_jobs': -1}",0.7559999999999999,0.07283030042311453,0.679047619047619,0.10633072942095498,0.8714285714285713,0.06732653061224489,0.7996169665352472,0.08173464094157615,0.5133333333333334,0.18533492822966507,0.764,0.07942454015266699,0.07942454015266699,0.06732653061224489,0.08330563421540867,0.9073065795956179
13,German,DispImpact,Logistic Regression,"{'C': 1.25, 'class_weight': 'balanced', 'n_jobs': -1}",0.718,0.061929065455074025,0.7223809523809525,0.08123091820460242,0.7114285714285715,0.07252380952380952,0.8615684298116646,0.0793938646532848,0.26666666666666666,0.16889952153110047,0.578,0.08495187661319785,0.08495187661319785,0.07252380952380952,0.102711665527455,0.9215194426739817
14,German,DispImpact,MLP,"{'hidden_layer_sizes': 5, 'max_iter': 5000}",0.6990000000000001,0.0736080705073053,0.5964285714285714,0.07392105263157896,0.8528571428571429,0.063,0.7639126881232144,0.068907871555822,0.6599999999999999,0.14066985645933014,0.795,0.07101449275362318,0.07101449275362318,0.063,0.08183492822966507,0.9285612235439981
15,German,DispImpact,MLP,"{'hidden_layer_sizes': 8, 'max_iter': 5000}",0.6569999999999999,0.08638829058972819,0.5797619047619048,0.06560428669075288,0.7728571428571429,0.06812244897959184,0.6793465763451257,0.06524343246172395,0.6133333333333334,0.10308612440191385,0.725,0.055258710777438616,0.055258710777438616,0.06812244897959184,0.059046431012596434,0.8248861698976906
16,German,DispImpact,MLP,"{'hidden_layer_sizes': 15, 'max_iter': 5000}",0.6970000000000001,0.0674643623227692,0.6016666666666667,0.12312918660287082,0.8400000000000001,0.063,0.759167461822103,0.058551673218036185,0.6366666666666666,0.20925837320574164,0.779,0.07527562602881266,0.07527562602881266,0.063,0.09473205741626796,0.9104232803149322
17,German,DispImpact,MLP,"{'hidden_layer_sizes': (10, 5), 'max_iter': 5000}",0.719,0.07557796435544765,0.5764285714285714,0.04943625297008755,0.9328571428571429,0.04336054421768708,0.7399643010145116,0.06985123365944265,0.78,0.07942583732057415,0.8870000000000001,0.042196910320930606,0.042196910320930606,0.04336054421768708,0.035855613058620575,0.9554642603392857
18,German,DispImpact,MLP,"{'hidden_layer_sizes': (8, 5), 'max_iter': 5000}",0.6950000000000001,0.06244578967631934,0.5297619047619048,0.032171695472447345,0.9428571428571428,0.02680272108843538,0.7189563912203052,0.07084023267121,0.8833333333333335,0.054066985645933,0.925,0.02956525913310626,0.02956525913310626,0.02680272108843538,0.03163213227874882,0.9713843711014942
19,German,DispImpact,MLP,"{'hidden_layer_sizes': (15, 5), 'max_iter': 5000}",0.677,0.07454308687009167,0.5302380952380952,0.03540430622009568,0.8971428571428571,0.021,0.7163019753355888,0.07856755252652131,0.8366666666666667,0.06076555023923445,0.8790000000000001,0.02594670406732118,0.02594670406732118,0.021,0.03188277511961723,0.9666503728299745
20,German,DispImpact,MLP,"{'hidden_layer_sizes': (7, 6, 5), 'max_iter': 5000}",0.7110000000000001,0.09777411841314367,0.5516666666666665,0.06301814601438661,0.95,0.0364421768707483,0.7267314370111138,0.09015796345681931,0.8466666666666667,0.10047846889952154,0.9189999999999999,0.02930262217088798,0.02930262217088798,0.0364421768707483,0.037460322885134914,0.9955383861548273
21,German,DispImpact,Naive Bayes1,{},0.7110000000000001,0.043920839373617626,0.6973809523809524,0.06270995670995674,0.7314285714285714,0.06376190476190474,0.8357985160473085,0.0668451981925867,0.3366666666666667,0.1331818181818182,0.613,0.07245366168907957,0.07245366168907957,0.06376190476190474,0.07199339257233994,0.9339628174046684
22,German,DispImpact,Naive Bayes2,{'alpha': 0.75},0.725,0.06271043761122962,0.6797619047619048,0.07348650847898971,0.7928571428571428,0.06392517006802723,0.8111371802480637,0.08106429310124168,0.4333333333333333,0.12983253588516747,0.6849999999999999,0.08295977121563915,0.08295977121563915,0.06392517006802723,0.07308937929238682,0.9045789477767772
23,German,DispImpact,Naive Bayes2,{'alpha': 1},0.728,0.06584274242656389,0.6828571428571429,0.07809655632587967,0.7957142857142856,0.0709251700680272,0.8127268668904728,0.08187880072247199,0.43,0.1350956937799043,0.6859999999999999,0.0826325154886639,0.0826325154886639,0.0709251700680272,0.0773070826416691,0.9093120151972938
24,German,DispImpact,Naive Bayes2,{'alpha': 1.25},0.7270000000000001,0.06850753906050497,0.6811904761904762,0.07355110178042511,0.7957142857142856,0.0709251700680272,0.8115333460038572,0.08359809896808601,0.4333333333333333,0.1260047846889952,0.687,0.07940670903705101,0.07940670903705101,0.0709251700680272,0.07276162809621456,0.9137636281005195
25,German,DispImpact,Random Forest,"{'n_estimators': 50, 'n_jobs': -1}",0.7620000000000001,0.054170487269241493,0.667142857142857,0.06913553363929305,0.9042857142857145,0.06320408163265306,0.7881983834898573,0.046892648560609304,0.57,0.16289473684210526,0.8039999999999999,0.10055341035432408,0.10055341035432408,0.06320408163265306,0.10704940923737916,0.8891082526816663
26,German,DispImpact,Random Forest,"{'n_estimators': 100, 'n_jobs': -1}",0.7670000000000001,0.051716128246530005,0.6678571428571429,0.05624740422484784,0.9157142857142858,0.0594421768707483,0.7868579607462389,0.04314354933007515,0.5799999999999998,0.14105263157894737,0.8149999999999998,0.09271983442745965,0.09271983442745965,0.0594421768707483,0.0883335286267617,0.897088034469092
27,German,DispImpact,Random Forest,"{'n_estimators': 150, 'n_jobs': -1}",0.773,0.033771118896366394,0.675,0.05928130390912345,0.9200000000000002,0.030442176870748284,0.7909069136424961,0.03945913179299469,0.57,0.13578947368421052,0.8150000000000001,0.0785937825340515,0.0785937825340515,0.030442176870748284,0.0801158252774794,0.9149901406106826
28,German,DispImpact,Random Forest,"{'n_estimators': 200, 'n_jobs': -1}",0.7729999999999999,0.049559496309042536,0.6759523809523811,0.05981185105621195,0.9185714285714287,0.04936054421768704,0.7915747397255738,0.04846252298426209,0.5666666666666667,0.14801435406698565,0.8130000000000001,0.09372643061432147,0.09372643061432147,0.04936054421768704,0.08897762262799855,0.8915439309794149
29,German,DispImpact,Random Forest,"{'n_estimators': 250, 'n_jobs': -1}",0.7690000000000001,0.04565985194919482,0.6635714285714286,0.065748527162061,0.9271428571428573,0.035401360544217685,0.7837639963925368,0.043024291810421854,0.6,0.14392344497607654,0.8290000000000001,0.07912619185121453,0.07912619185121453,0.035401360544217685,0.0796624027601471,0.9184454641224553
30,German,DispImpact,Random Forest,"{'n_estimators': 300, 'n_jobs': -1}",0.7669999999999999,0.040883354744422305,0.6669047619047619,0.05543091494971196,0.9171428571428573,0.05116326530612245,0.7866737670865822,0.036168359474095524,0.5833333333333333,0.14605263157894738,0.8170000000000002,0.10408443286150364,0.10408443286150364,0.05116326530612245,0.09430172834684113,0.8789310822638818
31,German,DispImpact,Random Forest,"{'n_estimators': 350, 'n_jobs': -1}",0.762,0.04930357241073147,0.6604761904761905,0.07825331185105622,0.9142857142857144,0.05440136054421768,0.7830033204525074,0.04523627190675246,0.5933333333333334,0.16210526315789475,0.8180000000000002,0.08792522128065812,0.08792522128065812,0.05440136054421768,0.08772699606158253,0.9038132806049826
32,German,DispImpact,Random Forest,"{'n_estimators': 400, 'n_jobs': -1}",0.7649999999999999,0.05306262792634583,0.6645238095238095,0.08150984604368064,0.9157142857142858,0.03440136054421768,0.7852221238743958,0.05210798979059359,0.5866666666666667,0.18342105263157898,0.817,0.09731481372352588,0.09731481372352588,0.03440136054421768,0.10256192429124758,0.9016555897332121
33,German,DispImpact,Random Forest,"{'n_estimators': 450, 'n_jobs': -1}",0.7729999999999999,0.04089065955975661,0.6730952380952382,0.06002293070338181,0.9228571428571429,0.04044217687074828,0.7893139722711787,0.03862386525036134,0.5766666666666668,0.14631578947368423,0.8190000000000002,0.09314257820940439,0.09314257820940439,0.04044217687074828,0.08837898317221624,0.8908491101764288
34,German,DispImpact,Random Forest,"{'n_estimators': 500, 'n_jobs': -1}",0.772,0.05858181982470408,0.6742857142857144,0.07617620349575238,0.9185714285714287,0.06820408163265304,0.7910347767591224,0.04402917051036483,0.57,0.1752870813397129,0.8140000000000001,0.11382457295681245,0.11382457295681245,0.06820408163265304,0.10874558148618299,0.8674901139716148
35,German,DispImpact,Random Forest,"{'n_estimators': 550, 'n_jobs': -1}",0.7660000000000001,0.04241273262460664,0.6652380952380953,0.0692873580054031,0.9171428571428573,0.04840136054421769,0.7857868217680669,0.04340610940940193,0.5866666666666666,0.16497607655502394,0.8180000000000002,0.09630505498131933,0.09630505498131933,0.04840136054421769,0.09642556065488396,0.8890135947883318
36,German,DispImpact,XGBoost,"{'n_estimators': 50, 'objective': 'binary:logistic'}",0.752,0.055016014119532795,0.6742857142857143,0.06170419555381962,0.8685714285714285,0.04336054421768705,0.7967239120375974,0.05647792632478262,0.5199999999999999,0.12004784688995215,0.764,0.05170473273460856,0.05170473273460856,0.04336054421768705,0.05834365133613253,0.9353068426056999
37,German,DispImpact,XGBoost,"{'n_estimators': 100, 'objective': 'binary:logistic'}",0.7630000000000001,0.03801073795577137,0.6907142857142857,0.06165874100836507,0.8714285714285716,0.03836054421768705,0.8068744097400776,0.039966705332892635,0.49000000000000005,0.11191387559808612,0.757,0.05910338363957085,0.05910338363957085,0.03836054421768705,0.05877666569019953,0.9344393741459178
38,German,DispImpact,XGBoost,"{'n_estimators': 150, 'objective': 'binary:logistic'}",0.76,0.0536782851289183,0.6857142857142857,0.06595905347785046,0.8714285714285716,0.04640136054421769,0.8038116092234757,0.05616971207741188,0.5,0.10404306220095694,0.76,0.0469870079869255,0.0469870079869255,0.04640136054421769,0.05065283338215669,0.947888191206206
39,German,DispImpact,XGBoost,"{'n_estimators': 200, 'objective': 'binary:logistic'}",0.766,0.044463639944056166,0.6957142857142857,0.059064316635745254,0.8714285714285716,0.0494013605442177,0.8096851812888752,0.04910012042367927,0.4800000000000001,0.11334928229665073,0.754,0.06396228898291435,0.06396228898291435,0.0494013605442177,0.05902603912378347,0.9421003368514264
40,German,DispImpact,XGBoost,"{'n_estimators': 250, 'objective': 'binary:logistic'}",0.767,0.0588374539858019,0.6983333333333334,0.07459429417700097,0.8700000000000001,0.05044217687074829,0.8116736262726448,0.06462775466757921,0.47333333333333333,0.12674641148325358,0.7510000000000001,0.058981264314982684,0.058981264314982684,0.05044217687074829,0.06254644728704879,0.9475039274491948
41,German,DispImpact,XGBoost,"{'n_estimators': 300, 'objective': 'binary:logistic'}",0.762,0.06405423635092186,0.6947619047619048,0.07156910132474044,0.8628571428571428,0.058401360544217684,0.8104018277476817,0.06563692701327824,0.47333333333333333,0.12674641148325358,0.746,0.06419804668010264,0.06419804668010264,0.058401360544217684,0.06652603912378349,0.94431032035562
42,German,DispImpact,XGBoost,"{'n_estimators': 350, 'objective': 'binary:logistic'}",0.7630000000000001,0.05493782681375496,0.6954761904761905,0.06356910132474045,0.8642857142857142,0.05240136054421769,0.8108867776301679,0.061442830233425574,0.47333333333333344,0.11622009569377992,0.7470000000000001,0.06630183349637192,0.06630183349637192,0.05240136054421769,0.06526288122904664,0.9422741126375236
43,German,DispImpact,XGBoost,"{'n_estimators': 400, 'objective': 'binary:logistic'}",0.7600000000000001,0.06096137753839266,0.6933333333333334,0.06795005370569282,0.86,0.06116326530612245,0.8100565252137093,0.06292197698214053,0.47333333333333333,0.11717703349282296,0.744,0.06942683349637192,0.06942683349637192,0.06116326530612245,0.07090699150473587,0.9417304833774175
44,German,DispImpact,XGBoost,"{'n_estimators': 450, 'objective': 'binary:logistic'}",0.7590000000000001,0.05951210217607382,0.6935714285714286,0.06490459916023829,0.8571428571428571,0.056163265306122444,0.8105243756274861,0.060760976769458616,0.47000000000000003,0.10808612440191387,0.741,0.06797755813405307,0.06797755813405307,0.056163265306122444,0.06486153695928132,0.9349457400217671
45,German,DispImpact,XGBoost,"{'n_estimators': 500, 'objective': 'binary:logistic'}",0.758,0.06096137753839266,0.6919047619047619,0.06753617810760672,0.8571428571428571,0.056163265306122444,0.8093734804868212,0.05907657960633805,0.47333333333333333,0.11334928229665069,0.742,0.06942683349637191,0.06942683349637191,0.056163265306122444,0.06540699150473586,0.9328738457184041
46,German,DispImpact,XGBoost,"{'n_estimators': 550, 'objective': 'binary:logistic'}",0.756,0.05806282681375498,0.6895238095238095,0.06390459916023829,0.8557142857142856,0.05416326530612244,0.8080213408864587,0.057092686048915084,0.47666666666666674,0.10808612440191387,0.742,0.06652828277173423,0.06652828277173423,0.05416326530612244,0.061775412557367446,0.9326643135184274
47,German,DispImpact,SVM1,"{'degree': 2, 'kernel': 'poly'}",0.6990000000000001,0.07332756559846942,0.5002380952380953,0.0025000000000000022,0.9971428571428571,0.0040000000000000036,0.7001051329622758,0.07500214847509833,0.9966666666666667,0.0050000000000000044,0.9970000000000001,0.004306418219461694,0.004306418219461694,0.0040000000000000036,0.004500000000000002,1.0044117647058823
48,German,DispImpact,SVM1,"{'degree': 3, 'kernel': 'poly'}",0.704,0.06193240479922686,0.5114285714285715,0.02500605409627966,0.9928571428571429,0.010040816326530621,0.7049274992721238,0.06935052362515677,0.97,0.0439712918660287,0.9860000000000001,0.018516096129896555,0.018516096129896555,0.010040816326530621,0.02496523776974905,1.0019361211022686
49,German,DispImpact,SVM1,"{'degree': 4, 'kernel': 'poly'}",0.7089999999999999,0.06452501266986459,0.5178571428571429,0.022267942583732058,0.9957142857142858,0.006000000000000005,0.7077090492554411,0.07017519943758052,0.96,0.04253588516746411,0.985,0.015966114005209364,0.015966114005209364,0.006000000000000005,0.022267942583732058,0.9985438379733214
50,German,DispImpact,SVM2,{'kernel': 'rbf'},0.708,0.06570805636420066,0.5228571428571429,0.03624768089053805,0.9857142857142858,0.022040816326530634,0.7099977858216077,0.07048218740765691,0.9400000000000001,0.06332535885167463,0.9720000000000001,0.028866769007743355,0.028866769007743355,0.022040816326530634,0.038642271262572025,0.998938098021193
0,German,RW,Decision Tree,"{'criterion': 'gini', 'splitter': 'best'}",0.6780000000000002,0.10257159701187626,0.6214285714285716,0.10228089704781436,0.7628571428571428,0.10244217687074833,0.7744137560701804,0.09074106134416976,0.5199999999999999,0.13117224880382777,0.6900000000000001,0.05940234088025113,0.05940234088025113,0.10244217687074833,0.06079764345929761,0.9733830186526552
1,German,RW,Decision Tree,"{'criterion': 'gini', 'splitter': 'random'}",0.692,0.06655205350022199,0.6390476190476191,0.06354981609868827,0.7714285714285715,0.054680272108843554,0.7848380184880305,0.10032809970005567,0.49333333333333335,0.11760765550239234,0.688,0.04461879176635593,0.04461879176635593,0.054680272108843554,0.06014396380561795,0.9947359312859982
2,German,RW,Decision Tree,"{'criterion': 'entropy', 'splitter': 'best'}",0.688,0.07588091162131053,0.6419047619047619,0.08879061289587606,0.7571428571428571,0.06852380952380954,0.7907886154050059,0.09033025532582291,0.47333333333333333,0.15705741626794262,0.672,0.06970061797510026,0.06970061797510026,0.06852380952380954,0.07299407609933926,0.978080077810275
3,German,RW,Decision Tree,"{'criterion': 'entropy', 'splitter': 'random'}",0.663,0.08176219891883821,0.5926190476190476,0.09382688865019692,0.7685714285714285,0.08592517006802722,0.7559502180512412,0.08921669948603858,0.5833333333333334,0.15210526315789474,0.7129999999999999,0.09432676366479271,0.09432676366479271,0.08592517006802722,0.10444583862253035,0.985807010669691
4,German,RW,Logistic Regression,"{'C': 0.75, 'class_weight': None, 'n_jobs': -1}",0.748,0.07468575789362031,0.6647619047619048,0.0975926179084074,0.8728571428571428,0.05928571428571426,0.7907241328868884,0.08314041216262352,0.5433333333333332,0.17389952153110047,0.7739999999999999,0.06546474585626677,0.06546474585626677,0.05928571428571426,0.08052221462747779,0.9593793202309756
5,German,RW,Logistic Regression,"{'C': 0.75, 'class_weight': 'balanced', 'n_jobs': -1}",0.7139999999999999,0.07156514814902118,0.7242857142857144,0.09006895485466915,0.6985714285714285,0.07168027210884355,0.8671732982555284,0.09050853579816057,0.25,0.18181818181818182,0.564,0.08117649023143617,0.08117649023143617,0.07168027210884355,0.10374922696351267,0.9613725091965792
6,German,RW,Logistic Regression,"{'C': 1, 'class_weight': None, 'n_jobs': -1}",0.749,0.08434029291941182,0.6673809523809525,0.1087650131823064,0.8714285714285713,0.07036734693877551,0.7920873315974635,0.08215569485615064,0.5366666666666667,0.19299043062200955,0.771,0.06978579826039813,0.06978579826039813,0.07036734693877551,0.08752685284640173,0.9358609404666496
7,German,RW,Logistic Regression,"{'C': 1, 'class_weight': 'balanced', 'n_jobs': -1}",0.717,0.05740632894111362,0.7254761904761906,0.08121967255801844,0.7042857142857144,0.06768027210884356,0.866573327644174,0.08668854813338776,0.2533333333333333,0.1801196172248804,0.5690000000000001,0.07790526869934508,0.07790526869934508,0.06768027210884356,0.09889994466686196,0.9721574649775395
8,German,RW,Logistic Regression,"{'C': 1.25, 'class_weight': None, 'n_jobs': -1}",0.7530000000000001,0.08449930463068818,0.6778571428571428,0.12114412655014158,0.8657142857142857,0.04932653061224488,0.7990579584746411,0.0830384540605932,0.51,0.2169617224880383,0.7589999999999999,0.07897573229852949,0.07897573229852949,0.04932653061224488,0.0968175959378967,0.9292784936834977
9,German,RW,Logistic Regression,"{'C': 1.25, 'class_weight': 'balanced', 'n_jobs': -1}",0.7189999999999999,0.07243877950899856,0.7297619047619047,0.08151983855743254,0.7028571428571427,0.08472108843537417,0.8712484326931745,0.0662293149118541,0.24333333333333332,0.15976076555023921,0.5650000000000001,0.0821207978282477,0.0821207978282477,0.08472108843537417,0.08937011359567751,0.9324717528485872
10,German,RW,Naive Bayes1,{},0.71,0.030187830742395137,0.6919047619047619,0.04957964716987277,0.7371428571428572,0.056721088435374135,0.8298846204249237,0.06369417317924299,0.3533333333333334,0.12988038277511962,0.622,0.07680087883680824,0.07680087883680824,0.056721088435374135,0.0823007356052469,0.9445809870899027
11,German,RW,Naive Bayes2,{'alpha': 0.75},0.7209999999999999,0.05693464903492954,0.6778571428571428,0.07235971422061646,0.7857142857142857,0.058925170068027236,0.8104843846486542,0.08489765615092623,0.43,0.14179425837320572,0.679,0.07938539616407575,0.07938539616407575,0.058925170068027236,0.07374727402922891,0.9306102695323004
12,German,RW,Naive Bayes2,{'alpha': 1},0.723,0.053288085220062786,0.6802380952380953,0.074405168766071,0.7871428571428571,0.05392517006802723,0.8119813175613981,0.07952171630130216,0.42666666666666664,0.1508851674641148,0.679,0.07938539616407575,0.07938539616407575,0.05392517006802723,0.08079272857468348,0.9305116078988069
13,German,RW,Naive Bayes2,{'alpha': 1.25},0.7250000000000001,0.05562562612702865,0.6826190476190477,0.07803674771343944,0.7885714285714285,0.05192517006802723,0.8133294060925852,0.08152988774749395,0.42333333333333334,0.15614832535885165,0.679,0.07938539616407574,0.07938539616407574,0.05192517006802723,0.0824243075220519,0.9303099949955811
14,German,RW,Random Forest,"{'n_estimators': 50, 'n_jobs': -1}",0.768,0.045714835723910885,0.6733333333333333,0.06905009276437848,0.9100000000000001,0.04008163265306121,0.7914877132094178,0.05260840032503592,0.5633333333333334,0.13818181818181818,0.8059999999999998,0.0763492939251437,0.0763492939251437,0.04008163265306121,0.07686856752270285,0.9225151918987293
15,German,RW,Random Forest,"{'n_estimators': 100, 'n_jobs': -1}",0.7729999999999999,0.06527543696300402,0.6769047619047619,0.07489149822608468,0.9171428571428573,0.04636054421768707,0.7929546418112026,0.06304356738582677,0.5633333333333332,0.14014354066985646,0.8109999999999999,0.062033933138472774,0.062033933138472774,0.04636054421768707,0.06877357354425025,0.9422648576965942
16,German,RW,Random Forest,"{'n_estimators': 150, 'n_jobs': -1}",0.773,0.05572148003661492,0.6730952380952381,0.07532565179181722,0.9228571428571429,0.042163265306122466,0.789373452729328,0.0575311837932338,0.5766666666666665,0.14248803827751197,0.8190000000000002,0.06289220351534726,0.06289220351534726,0.042163265306122466,0.07024851088760863,0.9296070359722058
17,German,RW,Random Forest,"{'n_estimators': 200, 'n_jobs': -1}",0.7670000000000001,0.03705167831508479,0.666904761904762,0.06294455294079354,0.9171428571428573,0.01568027210884354,0.7866375677134502,0.046819378943334086,0.5833333333333333,0.13956937799043065,0.817,0.07404082004470794,0.07404082004470794,0.01568027210884354,0.07662482504963708,0.9279886278790475
18,German,RW,Random Forest,"{'n_estimators': 250, 'n_jobs': -1}",0.77,0.03659431830235601,0.6728571428571429,0.05456135468541483,0.9157142857142858,0.03936054421768707,0.7902398559084396,0.0374393311096071,0.57,0.12648325358851678,0.812,0.07566128835826055,0.07566128835826055,0.03936054421768707,0.07192189890310188,0.9174589410493483
19,German,RW,Random Forest,"{'n_estimators': 300, 'n_jobs': -1}",0.7739999999999999,0.048684020943580805,0.6757142857142857,0.06088671353708948,0.9214285714285715,0.036360544217687085,0.7914430071763908,0.05032847016043307,0.57,0.1290909090909091,0.8160000000000001,0.07925181012096284,0.07925181012096284,0.036360544217687085,0.07572572665429808,0.9074113112195471
20,German,RW,Random Forest,"{'n_estimators': 350, 'n_jobs': -1}",0.772,0.05484364503164522,0.6752380952380954,0.08600984604368063,0.9171428571428573,0.037401360544217686,0.791343733489733,0.05061182805145205,0.5666666666666667,0.18342105263157893,0.812,0.09690077679037956,0.09690077679037956,0.037401360544217686,0.1000619242912476,0.8868812044472832
21,German,RW,Random Forest,"{'n_estimators': 400, 'n_jobs': -1}",0.7719999999999999,0.04818369879508607,0.6685714285714287,0.07238474432835336,0.9271428571428573,0.044680272108843545,0.7867972086090183,0.034377024522143064,0.59,0.16284688995215313,0.826,0.09852620992295938,0.09852620992295938,0.044680272108843545,0.09676358103049833,0.8853335164684119
22,German,RW,Random Forest,"{'n_estimators': 450, 'n_jobs': -1}",0.769,0.0511472046742961,0.6654761904761906,0.08233943625297008,0.9242857142857144,0.028401360544217668,0.7856557169464271,0.05302104496527464,0.5933333333333332,0.15923444976076556,0.825,0.07838605077374569,0.07838605077374569,0.028401360544217668,0.08041654460827394,0.9091983594616325
23,German,RW,Random Forest,"{'n_estimators': 500, 'n_jobs': -1}",0.7659999999999999,0.043514048326202856,0.6661904761904763,0.0551690101878072,0.9157142857142858,0.04736054421768706,0.7867748760059615,0.0403057333655061,0.5833333333333333,0.1283971291866029,0.8160000000000001,0.07960357565185962,0.07960357565185962,0.04736054421768706,0.07757261660645119,0.9070893868757357
24,German,RW,Random Forest,"{'n_estimators': 550, 'n_jobs': -1}",0.764,0.04810963656149697,0.663809523809524,0.07191781401555838,0.9142857142857144,0.042360544217687056,0.7853743333142227,0.051948671008835025,0.5866666666666666,0.16619617224880384,0.8160000000000001,0.09134344516207607,0.09134344516207607,0.042360544217687056,0.09436448263515931,0.9024578436823416
25,German,RW,XGBoost,"{'n_estimators': 50, 'objective': 'binary:logistic'}",0.7669999999999999,0.05023019621593379,0.685952380952381,0.045418383621391126,0.8885714285714285,0.07440136054421767,0.8013622534280624,0.05845211800582774,0.5166666666666666,0.12461722488038278,0.7769999999999999,0.08201260798849694,0.08201260798849694,0.07440136054421767,0.09350929271230023,0.9457521479948168
26,German,RW,XGBoost,"{'n_estimators': 100, 'objective': 'binary:logistic'}",0.7710000000000001,0.058702650064233274,0.6992857142857144,0.06524501188035019,0.8785714285714284,0.08044217687074828,0.8106022858170853,0.06408590131546482,0.4800000000000001,0.14110047846889953,0.759,0.08442139232972293,0.08442139232972293,0.08044217687074828,0.08585745207173778,0.9375797877413868
27,German,RW,XGBoost,"{'n_estimators': 150, 'objective': 'binary:logistic'}",0.772,0.08789992574870059,0.7047619047619048,0.08796072974644402,0.8728571428571428,0.0804421768707483,0.815331440568779,0.08906490795460757,0.4633333333333334,0.15837320574162678,0.75,0.09639096206505042,0.09639096206505042,0.0804421768707483,0.09975218891384305,0.9408769018827685
28,German,RW,XGBoost,"{'n_estimators': 200, 'objective': 'binary:logistic'}",0.772,0.07511881926683718,0.7047619047619048,0.0706270709240634,0.8728571428571428,0.07840136054421767,0.8150001569401532,0.07776064164007045,0.4633333333333334,0.13923444976076554,0.75,0.09768597691531034,0.09768597691531034,0.07840136054421767,0.10246862285584088,0.9290993249361132
29,German,RW,XGBoost,"{'n_estimators': 250, 'objective': 'binary:logistic'}",0.7709999999999999,0.084248645110218,0.7002380952380953,0.07723233408195815,0.877142857142857,0.08440136054421768,0.8114164862266456,0.07733803080547544,0.4766666666666667,0.13227272727272726,0.757,0.09396467072102335,0.09396467072102335,0.08440136054421768,0.09133704390847247,0.9208167323035304
30,German,RW,XGBoost,"{'n_estimators': 300, 'objective': 'binary:logistic'}",0.7729999999999999,0.07009455991372707,0.7035714285714285,0.062047423754190686,0.877142857142857,0.07368027210884354,0.8135057659418085,0.06750706944673032,0.47000000000000003,0.1331818181818182,0.755,0.08610960513237555,0.08610960513237555,0.07368027210884354,0.09043104514533086,0.9183615495032349
31,German,RW,XGBoost,"{'n_estimators': 350, 'objective': 'binary:logistic'}",0.7689999999999999,0.08114176105224699,0.6988095238095238,0.07098170751554209,0.8742857142857142,0.08036054421768707,0.8109170265635954,0.07187274272462674,0.4766666666666667,0.13700956937799041,0.7550000000000001,0.08716038133345907,0.08716038133345907,0.08036054421768707,0.08532451258015168,0.91168854339931
32,German,RW,XGBoost,"{'n_estimators': 400, 'objective': 'binary:logistic'}",0.769,0.08289697926856576,0.6988095238095238,0.07248170751554212,0.8742857142857142,0.08536054421768707,0.8108982250231417,0.0727005746448122,0.4766666666666667,0.13700956937799044,0.7550000000000001,0.09148912896154256,0.09148912896154256,0.08536054421768707,0.08882451258015168,0.9061288076333964
33,German,RW,XGBoost,"{'n_estimators': 450, 'objective': 'binary:logistic'}",0.768,0.08144770390624692,0.6980952380952381,0.0714817075155421,0.8728571428571428,0.08336054421768709,0.810811412274259,0.0724955859650167,0.4766666666666667,0.13700956937799044,0.7540000000000001,0.09415392559548363,0.09415392559548363,0.08336054421768709,0.09482451258015169,0.9079890691324766
34,German,RW,XGBoost,"{'n_estimators': 500, 'objective': 'binary:logistic'}",0.769,0.07343928875898185,0.6997619047619048,0.06543625297008752,0.8728571428571428,0.07636054421768708,0.8118355043693086,0.06857480111936957,0.47333333333333333,0.12791866028708132,0.7530000000000001,0.09259712335144436,0.09259712335144436,0.07636054421768708,0.08677905803469713,0.9097149957402785
35,German,RW,XGBoost,"{'n_estimators': 550, 'objective': 'binary:logistic'}",0.769,0.08101292129755128,0.7007142857142857,0.07256783191745594,0.8714285714285713,0.08136054421768707,0.8127340694479088,0.07232295766063421,0.47000000000000003,0.13318181818181818,0.751,0.09025958244447849,0.09025958244447849,0.08136054421768707,0.08691063698206555,0.9071415829351668
36,German,RW,SVM1,"{'degree': 2, 'kernel': 'poly'}",0.6990000000000001,0.07332756559846942,0.4992857142857143,0.0010000000000000009,0.9985714285714286,0.0020000000000000018,0.6996969696969698,0.07437189637425799,1.0,0.0,0.999,0.0014492753623188358,0.0014492753623188358,0.0020000000000000018,0.0010000000000000009,1.0014705882352941
37,German,RW,SVM1,"{'degree': 3, 'kernel': 'poly'}",0.705,0.06803605804173002,0.514047619047619,0.031051508641734192,0.9914285714285714,0.012040816326530623,0.7060940804000451,0.07436586419212415,0.9633333333333335,0.0580622009569378,0.983,0.021066687193811606,0.021066687193811606,0.012040816326530623,0.0310106923152036,1.0111940834897446
38,German,RW,SVM1,"{'degree': 4, 'kernel': 'poly'}",0.708,0.07240458806243395,0.5171428571428571,0.03181466653647104,0.9942857142857143,0.00804081632653062,0.7073808354957103,0.07623298175474122,0.96,0.06358851674641149,0.984,0.022536666489877854,0.022536666489877854,0.00804081632653062,0.033773850209940434,1.0096649000126157
39,German,RW,SVM2,{'kernel': 'rbf'},0.709,0.05982861798295756,0.5254761904761904,0.03007064739771508,0.9842857142857143,0.022040816326530634,0.7112198908649765,0.07254675115787569,0.9333333333333333,0.05184210526315789,0.969,0.02441204216609506,0.02441204216609506,0.022040816326530634,0.03290064446831365,1.0178904767242725
0,German,Massaging,Decision Tree,"{'criterion': 'gini', 'splitter': 'best'}",0.65,0.06975222066386162,0.5947619047619047,0.08870890022675738,0.7328571428571428,0.0894364564007421,0.765600417205008,0.05913097816682209,0.5433333333333333,0.15523809523809523,0.6759999999999999,0.06292660121552127,0.06292660121552127,0.0894364564007421,0.0812207534528963,0.9528829613490932
1,German,Massaging,Decision Tree,"{'criterion': 'gini', 'splitter': 'random'}",0.641,0.08008415147265079,0.5921428571428571,0.1034879406307978,0.7142857142857142,0.08957173778602351,0.7633515104597789,0.0866301563783529,0.53,0.19992063492063492,0.659,0.10635811126694716,0.10635811126694716,0.08957173778602351,0.13179524840239126,1.0067186935708412
2,German,Massaging,Decision Tree,"{'criterion': 'entropy', 'splitter': 'best'}",0.639,0.05857877512856473,0.5840476190476189,0.07504535147392292,0.7214285714285714,0.046799628942486106,0.7539098538481807,0.06524861342618386,0.5533333333333333,0.15547619047619046,0.671,0.05942028985507244,0.05942028985507244,0.046799628942486106,0.08342506699649557,0.9788436109859695
3,German,Massaging,Decision Tree,"{'criterion': 'entropy', 'splitter': 'random'}",0.6489999999999998,0.09326788218793829,0.6007142857142856,0.10743725520511234,0.7214285714285714,0.0694921150278293,0.7714843689193995,0.08865006787751686,0.52,0.16746031746031748,0.6609999999999999,0.061290322580645186,0.061290322580645186,0.0694921150278293,0.08594426406926406,0.9519606886954948
4,German,Massaging,KNN,{'n_neighbors': 1},0.619,0.10579710144927539,0.545,0.10405766852195424,0.73,0.120647804576376,0.7257868255055545,0.06254549885968,0.64,0.1442857142857143,0.703,0.0718560074801309,0.0718560074801309,0.120647804576376,0.06511982065553494,0.9524378036374698
5,German,Massaging,KNN,{'n_neighbors': 3},0.617,0.07194950911640954,0.5073809523809524,0.07937512883941453,0.7814285714285714,0.09996134817563392,0.7050189208091336,0.04283256143827774,0.7666666666666666,0.1338888888888889,0.777,0.08111266947171575,0.08111266947171575,0.09996134817563392,0.08198902288188002,0.9617931044246774
6,German,Massaging,KNN,{'n_neighbors': 5},0.674,0.04880785413744741,0.5509523809523809,0.06584248093176666,0.8585714285714285,0.055809369202226344,0.7276504207326177,0.03470135497730675,0.7566666666666666,0.14500000000000002,0.828,0.07564282374941561,0.07564282374941561,0.055809369202226344,0.09604862399505257,1.0101801996393251
7,German,Massaging,KNN,{'n_neighbors': 7},0.6829999999999999,0.029967274427302504,0.5516666666666665,0.04973549268192126,0.8799999999999999,0.05550015460729747,0.7266964358078102,0.03721708473211831,0.7766666666666666,0.14436507936507934,0.8490000000000002,0.07877512856474989,0.07877512856474989,0.05550015460729747,0.0972089517625232,1.0134530591195978
8,German,Massaging,Logistic Regression,"{'C': 0.75, 'class_weight': None, 'n_jobs': -1}",0.7060000000000001,0.07405329593267881,0.6195238095238096,0.10007086167800452,0.8357142857142857,0.06181199752628323,0.780323555893241,0.08819766192210504,0.5966666666666668,0.17658730158730163,0.764,0.068630201028518,0.068630201028518,0.06181199752628323,0.09874896928468356,0.9703579329854202
9,German,Massaging,Logistic Regression,"{'C': 0.75, 'class_weight': 'balanced', 'n_jobs': -1}",0.689,0.08719027582982702,0.6978571428571427,0.09260577715934858,0.6757142857142857,0.10835265924551638,0.8870967858993882,0.15663651727129765,0.28,0.10388888888888888,0.557,0.09102384291725105,0.09102384291725105,0.10835265924551638,0.08951723871366728,0.8386089490271942
10,German,Massaging,Logistic Regression,"{'C': 1, 'class_weight': None, 'n_jobs': -1}",0.704,0.07367928938756428,0.6238095238095237,0.08975108225108228,0.8242857142857144,0.055898268398268405,0.7828616627072524,0.0836662912724844,0.5766666666666668,0.16595238095238093,0.75,0.06386161757830765,0.06386161757830765,0.055898268398268405,0.09319573283858999,0.9563964939746926
11,German,Massaging,Logistic Regression,"{'C': 1, 'class_weight': 'balanced', 'n_jobs': -1}",0.6980000000000001,0.06909770920991118,0.7042857142857142,0.0806364667078953,0.6885714285714285,0.08689703153988869,0.8910179516210854,0.14692434931209375,0.28,0.09730158730158729,0.5660000000000001,0.06432912575970079,0.06432912575970079,0.08689703153988869,0.07015022675736962,0.8229590153640973
12,German,Massaging,Logistic Regression,"{'C': 1.25, 'class_weight': None, 'n_jobs': -1}",0.701,0.0740065451145395,0.6235714285714284,0.09632137703566274,0.8171428571428571,0.04977581941867658,0.7860119313491138,0.08683282568258545,0.5700000000000001,0.1679365079365079,0.7430000000000001,0.06998597475455823,0.06998597475455823,0.04977581941867658,0.09860956503813648,0.95288551931302
13,German,Massaging,Logistic Regression,"{'C': 1.25, 'class_weight': 'balanced', 'n_jobs': -1}",0.6900000000000001,0.06236559139784946,0.6985714285714286,0.06337262935477221,0.6771428571428572,0.08254097093382809,0.8882770391256705,0.04250734778830005,0.28,0.07507936507936508,0.558,0.0707807386629266,0.0707807386629266,0.08254097093382809,0.07037762832405689,0.9340964762912647
14,German,Massaging,MLP,"{'hidden_layer_sizes': 5, 'max_iter': 5000}",0.615,0.04848059841047221,0.5354761904761904,0.03471590909090908,0.7342857142857142,0.0339556277056277,0.6605194805194806,0.06297756111541672,0.6633333333333333,0.05452380952380953,0.713,0.026881720430107538,0.026881720430107538,0.0339556277056277,0.03471590909090909,0.9143736569033682
15,German,Massaging,MLP,"{'hidden_layer_sizes': 8, 'max_iter': 5000}",0.7110000000000001,0.043338008415147275,0.565,0.048675273139558856,0.93,0.04056122448979592,0.7331136501404996,0.03466309810115379,0.8,0.11007936507936508,0.891,0.05147265077138852,0.05147265077138852,0.04056122448979592,0.06907029478458052,0.9905769935404705
16,German,Massaging,MLP,"{'hidden_layer_sizes': 15, 'max_iter': 5000}",0.7100000000000002,0.037400654511453954,0.5452380952380953,0.043523113790970944,0.9571428571428573,0.0243313234384663,0.7206479116505984,0.025460039204104522,0.8666666666666668,0.07603174603174605,0.93,0.030107526881720425,0.030107526881720425,0.0243313234384663,0.0387586322407751,1.013366102710091
17,German,Massaging,MLP,"{'hidden_layer_sizes': (10, 5), 'max_iter': 5000}",0.6859999999999999,0.05507246376811594,0.5547619047619048,0.07003349824778396,0.8828571428571428,0.0530148423005566,0.7359107644979552,0.05296926931867554,0.7733333333333334,0.1373015873015873,0.85,0.05890603085553999,0.05890603085553999,0.0530148423005566,0.08082998350855494,1.0306260932570837
18,German,Massaging,MLP,"{'hidden_layer_sizes': (8, 5), 'max_iter': 5000}",0.702,0.028143992519869133,0.5157142857142858,0.01513489486703774,0.9814285714285715,0.023875231910946204,0.7071526585310901,0.01787673637903776,0.9500000000000002,0.032698412698412706,0.9719999999999999,0.025338943431510053,0.025338943431510053,0.023875231910946204,0.026699520717377866,0.988684600452237
19,German,Massaging,MLP,"{'hidden_layer_sizes': (15, 5), 'max_iter': 5000}",0.644,0.03786816269284716,0.5419047619047619,0.03593421459492889,0.7971428571428572,0.01963899196042053,0.7608914996822537,0.05445424072393799,0.7133333333333334,0.06738095238095239,0.772,0.022159887798036456,0.022159887798036456,0.01963899196042053,0.035304189857761285,0.9772107494024003
20,German,Massaging,MLP,"{'hidden_layer_sizes': (7, 6, 5), 'max_iter': 5000}",0.711,0.0259467040673212,0.5278571428571428,0.025268759018759013,0.9857142857142858,0.022997835497835496,0.7125970406560098,0.02774522607552481,0.93,0.06563492063492066,0.9690000000000001,0.0351098644226274,0.0351098644226274,0.022997835497835496,0.04431637806637806,1.025591852970314
21,German,Massaging,Naive Bayes1,{},0.639,0.11206171107994392,0.6364285714285713,0.09736162646876932,0.6428571428571429,0.11305658627087198,0.6509340041179505,0.10515981073624836,0.37,0.08801587301587302,0.561,0.08990182328190743,0.08990182328190743,0.11305658627087198,0.08236162646876934,0.713354247902635
22,German,Massaging,Naive Bayes2,{'alpha': 0.75},0.6889999999999998,0.10252454417952314,0.6559523809523811,0.106579957740672,0.7385714285714287,0.10979050711193569,0.8398362082977823,0.07011582376645922,0.42666666666666664,0.11682539682539686,0.645,0.09841047218326321,0.09841047218326321,0.10979050711193569,0.09521941352298495,0.859010812127841
23,German,Massaging,Naive Bayes2,{'alpha': 1},0.694,0.09350163627863486,0.6595238095238096,0.10014056380127807,0.7457142857142858,0.09691171923314781,0.8419532199229905,0.06615728230791776,0.42666666666666664,0.11682539682539686,0.65,0.08938756428237495,0.08938756428237495,0.09691171923314781,0.08878001958359101,0.8527861599783433
24,German,Massaging,Naive Bayes2,{'alpha': 1.25},0.696,0.09060308555399718,0.660952380952381,0.09805723046794473,0.7485714285714287,0.09274505256648115,0.8428778287423363,0.06465728230791776,0.42666666666666664,0.11682539682539686,0.6519999999999999,0.08648901355773726,0.08648901355773726,0.09274505256648115,0.08669668625025768,0.847963579333182
25,German,Massaging,Random Forest,"{'n_estimators': 50, 'n_jobs': -1}",0.716,0.0779803646563815,0.6247619047619047,0.09001082251082253,0.8528571428571429,0.07943722943722945,0.7756257044042658,0.061125445385473355,0.6033333333333334,0.1726984126984127,0.778,0.08274894810659189,0.08274894810659189,0.07943722943722945,0.10582328385899813,0.8919187686569181
26,German,Massaging,Random Forest,"{'n_estimators': 100, 'n_jobs': -1}",0.716,0.07162225338943431,0.621904761904762,0.09792362399505257,0.8571428571428571,0.04312770562770562,0.7811221794426144,0.07340264770601136,0.6133333333333335,0.1824603174603175,0.784,0.06386161757830762,0.06386161757830762,0.04312770562770562,0.09928519892805607,0.9424374616908503
27,German,Massaging,Random Forest,"{'n_estimators': 150, 'n_jobs': -1}",0.7209999999999999,0.07914913510986442,0.6273809523809523,0.10150729231086375,0.8614285714285714,0.0448399814471243,0.7770677901378187,0.0712134513937554,0.6066666666666667,0.16817460317460314,0.7849999999999999,0.04670406732117814,0.04670406732117814,0.0448399814471243,0.0751310296846011,0.9939949568357191
28,German,Massaging,Random Forest,"{'n_estimators': 200, 'n_jobs': -1}",0.717,0.06718092566619918,0.6235714285714286,0.08715973510616366,0.8571428571428571,0.04293058132343848,0.7791964719278146,0.06395802297957148,0.6100000000000001,0.17682539682539683,0.7829999999999999,0.06287985039738195,0.06287985039738195,0.04293058132343848,0.09666293032364459,0.9659853254088662
29,German,Massaging,Random Forest,"{'n_estimators': 250, 'n_jobs': -1}",0.7229999999999999,0.082328190743338,0.625,0.10024415069057926,0.8700000000000001,0.052833178726035865,0.7744765221501299,0.07360900102482779,0.6200000000000001,0.1815873015873016,0.795,0.05259467040673212,0.05259467040673212,0.052833178726035865,0.08544359410430838,0.9506454323441963
30,German,Massaging,Random Forest,"{'n_estimators': 300, 'n_jobs': -1}",0.716,0.07433380084151472,0.6199999999999999,0.09399711399711404,0.86,0.051893939393939416,0.7771313918235363,0.06793798687700604,0.6200000000000001,0.18087301587301585,0.788,0.06984572230014027,0.06984572230014027,0.051893939393939416,0.09890254586683159,0.92987589386069
31,German,Massaging,Random Forest,"{'n_estimators': 350, 'n_jobs': -1}",0.7219999999999999,0.07031323048153343,0.6271428571428572,0.08896078128220986,0.8642857142857142,0.06876932591218307,0.7819929797746238,0.06405058111787264,0.61,0.17134920634920636,0.788,0.07143525011687704,0.07143525011687704,0.06876932591218307,0.09800066996495567,0.9268968798483981
32,German,Massaging,Random Forest,"{'n_estimators': 400, 'n_jobs': -1}",0.722,0.08312295465170641,0.6271428571428571,0.09647469593898166,0.8642857142857142,0.06112399505256648,0.7821567109742199,0.06685606196884432,0.6100000000000001,0.16500000000000004,0.7879999999999999,0.0549789621318373,0.0549789621318373,0.06112399505256648,0.08683673469387755,0.9385995184598201
33,German,Massaging,Random Forest,"{'n_estimators': 450, 'n_jobs': -1}",0.719,0.08803179055633473,0.6221428571428571,0.11410430839002268,0.8642857142857142,0.04870902906617193,0.7735101919072084,0.0805382430035392,0.6200000000000001,0.22150793650793651,0.791,0.07129499766245909,0.07129499766245909,0.04870902906617193,0.11577097505668935,0.9338880720105486
34,German,Massaging,Random Forest,"{'n_estimators': 500, 'n_jobs': -1}",0.725,0.07120149602618046,0.6321428571428571,0.08914579468150896,0.8642857142857144,0.05287569573283858,0.782671323499698,0.06413821732349693,0.6000000000000001,0.16865079365079363,0.7849999999999999,0.048387096774193575,0.048387096774193575,0.05287569573283858,0.08398526077097504,0.958903383974792
35,German,Massaging,Random Forest,"{'n_estimators': 550, 'n_jobs': -1}",0.7220000000000001,0.07265077138849932,0.6290476190476191,0.09394931457431457,0.8614285714285714,0.05321969696969697,0.7851599258288481,0.06931200797390795,0.6033333333333333,0.17793650793650798,0.784,0.04964936886395511,0.04964936886395511,0.05321969696969697,0.08735454030096887,0.9645631023006411
36,German,Massaging,XGBoost,"{'n_estimators': 50, 'objective': 'binary:logistic'}",0.704,0.07676484338475927,0.6333333333333334,0.08084248093176667,0.8099999999999999,0.09875927643784786,0.792516291407961,0.06285030983415694,0.5433333333333333,0.15682539682539684,0.7300000000000001,0.09658719027582983,0.09658719027582983,0.09875927643784786,0.09899698515769946,0.9404150847673973
37,German,Massaging,XGBoost,"{'n_estimators': 100, 'objective': 'binary:logistic'}",0.7090000000000002,0.07353903693314634,0.6416666666666666,0.07554061018346732,0.8099999999999999,0.08858998144712427,0.7972369264631548,0.06191548342650306,0.5266666666666666,0.14436507936507934,0.725,0.09289387564282377,0.09289387564282377,0.08858998144712427,0.10698593073593074,0.936576070774007
38,German,Massaging,XGBoost,"{'n_estimators': 150, 'objective': 'binary:logistic'}",0.6980000000000001,0.07433380084151474,0.63,0.08042864873222015,0.8,0.08255643166357449,0.7878737272138748,0.061363465435094924,0.54,0.1568253968253968,0.7220000000000001,0.08667601683029454,0.08667601683029454,0.08255643166357449,0.10593344155844156,0.9712323657419869
39,German,Massaging,XGBoost,"{'n_estimators': 200, 'objective': 'binary:logistic'}",0.7000000000000001,0.0621785881252922,0.6361904761904762,0.07672709235209232,0.7957142857142857,0.07665043290043287,0.794113553113553,0.06476267527471755,0.5233333333333334,0.1684126984126984,0.7140000000000001,0.07910238429172511,0.07910238429172511,0.07665043290043287,0.10418869820655537,0.9501953541819343
40,German,Massaging,XGBoost,"{'n_estimators': 250, 'objective': 'binary:logistic'}",0.6990000000000001,0.061944834034595594,0.6345238095238095,0.08094413522984949,0.7957142857142857,0.0782699443413729,0.7903216206451501,0.06232963530327772,0.5266666666666667,0.1729365079365079,0.7150000000000001,0.08288920056100982,0.08288920056100982,0.0782699443413729,0.10794063079777368,0.9338506882476935
41,German,Massaging,XGBoost,"{'n_estimators': 300, 'objective': 'binary:logistic'}",0.6969999999999998,0.05839177185600749,0.6321428571428571,0.0745516388373531,0.7942857142857143,0.07599721706864562,0.7895297279058296,0.0585381897187258,0.53,0.15206349206349207,0.7150000000000001,0.08167367928938757,0.08167367928938757,0.07599721706864562,0.10186018346732632,0.933302623358923
42,German,Massaging,XGBoost,"{'n_estimators': 350, 'objective': 'binary:logistic'}",0.6989999999999998,0.061290322580645165,0.6345238095238095,0.07797425788497216,0.7957142857142857,0.0739138837353123,0.7932702416361115,0.06296587435293219,0.5266666666666666,0.16682539682539682,0.7150000000000001,0.08457223001402525,0.08457223001402525,0.0739138837353123,0.10524028550814266,0.9354886803532574
43,German,Massaging,XGBoost,"{'n_estimators': 400, 'objective': 'binary:logistic'}",0.6969999999999998,0.058859280037400666,0.6321428571428571,0.07455163883735313,0.7942857142857143,0.07599721706864564,0.7858532878382136,0.05530745920034839,0.53,0.16206349206349202,0.715,0.08101916783543711,0.08101916783543711,0.07599721706864564,0.1041390950319522,0.9308166908931558
44,German,Massaging,XGBoost,"{'n_estimators': 450, 'objective': 'binary:logistic'}",0.6989999999999998,0.06774193548387096,0.6335714285714286,0.08919449598021026,0.7971428571428572,0.07599721706864564,0.7885026230205301,0.06952170351640988,0.53,0.1618253968253968,0.717,0.07166900420757363,0.07166900420757363,0.07599721706864564,0.09030431869717585,0.9448945920326723
45,German,Massaging,XGBoost,"{'n_estimators': 500, 'objective': 'binary:logistic'}",0.701,0.06306685366993922,0.6359523809523809,0.0831528293135436,0.7985714285714287,0.07808055040197896,0.7901234405008896,0.06472032842091714,0.5266666666666666,0.15182539682539678,0.717,0.07634408602150537,0.07634408602150537,0.07808055040197896,0.09634598536384252,0.9378036676148399
46,German,Massaging,XGBoost,"{'n_estimators': 550, 'objective': 'binary:logistic'}",0.6979999999999998,0.06629266012155212,0.6328571428571428,0.08884817563388994,0.7957142857142857,0.0805426716141002,0.7884277080767789,0.06759223301695964,0.53,0.15658730158730155,0.716,0.07442730247779335,0.07442730247779335,0.0805426716141002,0.09541254380540096,0.934692504584322
47,German,Massaging,SVM1,"{'degree': 2, 'kernel': 'poly'}",0.7000000000000001,0.01963534361851339,0.5,0.0,1.0,0.0,0.7000000000000001,0.01963534361851339,1.0,0.0,1.0,0.0,0.0,0.0,0.0,1.0
48,German,Massaging,SVM1,"{'degree': 3, 'kernel': 'poly'}",0.7060000000000001,0.022440392706872404,0.5157142857142858,0.021580215419501142,0.9914285714285714,0.012287414965986398,0.7069268532155131,0.020688511418481503,0.96,0.05087301587301587,0.982,0.0238429172510519,0.0238429172510519,0.012287414965986398,0.03158021541950114,1.008914865898213
49,German,Massaging,SVM1,"{'degree': 4, 'kernel': 'poly'}",0.7090000000000001,0.01930808789153814,0.5207142857142857,0.023758503401360532,0.9914285714285714,0.012244897959183676,0.7093672344716838,0.022269756962126186,0.95,0.05976190476190476,0.9789999999999999,0.026414212248714364,0.026414212248714364,0.012244897959183676,0.03600340136054422,1.019335106818033
50,German,Massaging,SVM2,{'kernel': 'rbf'},0.708,0.02842449742870503,0.5228571428571429,0.02933531746031745,0.9857142857142858,0.016369047619047627,0.7104027593311169,0.02823519252286517,0.9400000000000001,0.0708730158730159,0.9720000000000001,0.03253856942496493,0.03253856942496493,0.016369047619047627,0.04362103174603175,1.0155007410054206
